Project Name,Permalink,Date
 Intern Rocketry Club Lead, /internSpaceProgram/,2019-05-10
 Video Games for NEEMO 23, /kibosh/,2019-05-24
 Hopper 3 Test Plan, /testPlan/,2019-03-14
 Hall Effect Sensor Test Rig, /testRig/,2018-11-30
 GTOR Data Aquisition, /dataAquisition/,2018-11-20
 Video Games for CS 2110, /mazeRunner/,2018-08-20
 Intern Rocketry Club Recovery Subsystem Lead, /rocketryRecovery/,2018-05-10
 MED-2 Rowing Tower, /rowingTower/,2018-04-27
 ME 2110, /me2110/,2017-12-20
 Electric Longboard, /electricLongboard/,2017-12-01
 IP-67 Testing, /underwater/,2017-04-19
 Car Project, /project818/,2016-07-13
 ME 1770, /spyPlane/,2015-12-20
